,1 month VIX^2 Delta Hedged return(%),1 month Realized Variance Return (%),1 month GVIX^2 Delta Hedged return(%),1 month Realized Weighted_Gamma Variance Return (%),1 month SKEW_KNS Delta Hedged return(%),1 month Realized Weighted Skew Return (%)
count,308.0,308.0,308.0,308.0,308.0,308.0
mean,-8.672622946851208,-18.800935956766047,-7.2124289867660405,-18.462337993553113,-37.98707015820281,-25.858426588859935
std,149.9254029933691,157.66106523117963,131.3071472819139,133.92157428284833,570.3225584303185,644.0525136834149
min,-119.43645230254097,-91.16756714868386,-119.98216683565072,-90.37315794074988,-823.2978671230227,-348.87163105020034
25%,-53.347930499581054,-59.14168593894151,-50.14843552245753,-56.90150906567533,-124.55570628362776,-115.25339971313741
50%,-35.472593055215526,-44.22536602389776,-31.16367387871523,-41.07407736547684,-104.98055773144428,-102.53681788045755
75%,-4.959584519112556,-17.725884113381426,-1.7185408905324409,-14.581941568992676,-67.66519660126193,-69.66806350358353
max,2247.3729053882466,2490.9215351254256,1893.5272683814703,2063.9783590401826,8928.456386706779,10552.185269600024
