,1 month VIX^2 Delta Hedged return(%),1 month Realized Variance Return (%),1 month GVIX^2 Delta Hedged return(%),1 month Realized Weighted_Gamma Variance Return (%),1 month SKEW_KNS Delta Hedged return(%),1 month Realized Weighted Skew Return (%)
1 month VIX^2 Delta Hedged return(%),1.0,0.9653666954655672,0.9961968721568865,0.9646666905972812,0.9311248878287207,0.9335328691664732
1 month Realized Variance Return (%),0.9653666954655672,1.0,0.9473895755723817,0.9981362628577332,0.9491602601913166,0.9693865467872653
1 month GVIX^2 Delta Hedged return(%),0.9961968721568865,0.9473895755723817,1.0,0.950202131426176,0.8977345814396851,0.9030389279452652
1 month Realized Weighted_Gamma Variance Return (%),0.9646666905972812,0.9981362628577332,0.950202131426176,1.0,0.9338870700428538,0.9537787367307999
1 month SKEW_KNS Delta Hedged return(%),0.9311248878287207,0.9491602601913166,0.8977345814396851,0.9338870700428538,1.0,0.9826005072008679
1 month Realized Weighted Skew Return (%),0.9335328691664732,0.9693865467872653,0.9030389279452652,0.9537787367307999,0.9826005072008679,1.0
