,2 month VIX^2 Delta Hedged return(%),2 month Realized Variance Return (%),2 month GVIX^2 Delta Hedged return(%),2 month Realized Weighted_Gamma Variance Return (%),2 month SKEW_KNS Delta Hedged return(%),2 month Realized Weighted Skew Return (%)
2 month VIX^2 Delta Hedged return(%),1.0,0.9831889324967356,0.9976244774626183,0.9805908277354548,0.9495619491966212,0.963244611768436
2 month Realized Variance Return (%),0.9831889324967356,1.0,0.9784497283923674,0.998522249621159,0.929947868854054,0.9648634872611934
2 month GVIX^2 Delta Hedged return(%),0.9976244774626183,0.9784497283923674,1.0,0.9788788834938761,0.9316987528971409,0.9485516525247172
2 month Realized Weighted_Gamma Variance Return (%),0.9805908277354548,0.998522249621159,0.9788788834938761,1.0,0.9165559459412084,0.9527224012237997
2 month SKEW_KNS Delta Hedged return(%),0.9495619491966212,0.929947868854054,0.9316987528971409,0.9165559459412084,1.0,0.9837036282430712
2 month Realized Weighted Skew Return (%),0.963244611768436,0.9648634872611934,0.9485516525247172,0.9527224012237997,0.9837036282430712,1.0
