,2 month VIX^2 Delta Hedged return(%),2 month Realized Variance Return (%),2 month GVIX^2 Delta Hedged return(%),2 month Realized Weighted_Gamma Variance Return (%),2 month SKEW_KNS Delta Hedged return(%),2 month Realized Weighted Skew Return (%)
count,308.0,308.0,308.0,308.0,308.0,308.0
mean,-7.019923495011219,-17.154458692433533,-6.0733430992098665,-17.096806411793636,-7.345085233268349,-5.591342943499251
std,160.29079464186563,163.48881421414467,136.27144664701723,138.03061587385668,602.4883837758081,608.0401597351446
min,-109.03485267689221,-87.0237410665222,-107.93203563866936,-85.51951440011314,-482.12305211017014,-396.1030319742477
25%,-55.03037482514993,-61.37736432779271,-50.78346318578474,-58.27822746331039,-124.5574609528353,-114.75628632247445
50%,-37.982749639252475,-47.48717716537687,-33.65674263369296,-43.893088850081085,-106.56236297746997,-100.89631186837224
75%,-12.591597598511882,-20.47258130597354,-7.429376377558382,-15.528384086673682,-69.91147761836163,-74.50060982427452
max,1672.3044006964326,1794.2754963808718,1386.9156743528843,1492.997759735677,5913.26244515574,6927.078222924764
