,3 month VIX^2 Delta Hedged return(%),3 month Realized Variance Return (%),3 month GVIX^2 Delta Hedged return(%),3 month Realized Weighted_Gamma Variance Return (%),3 month SKEW_KNS Delta Hedged return(%),3 month Realized Weighted Skew Return (%)
count,308.0,308.0,308.0,308.0,308.0,308.0
mean,-5.874372215870704,-15.674888330528244,-4.424968584382782,-15.753381654110983,44.21157062042824,62.33802681858434
std,148.22101140413366,153.79487655703116,127.12129683194982,130.3903797413212,771.0961029117467,857.6650230805855
min,-210.25259956898523,-86.9498627656863,-217.01791787298762,-85.1219764254221,-387.926243685348,-614.8588766213122
25%,-57.899532667294096,-63.90004562462554,-51.25682298527911,-59.80527000829281,-131.06543797014234,-115.50881727441242
50%,-38.67417277682627,-50.14472420373973,-33.679276848435705,-45.91112416410496,-109.4816754415927,-102.89648268680413
75%,-3.4424287749208773,-21.331492249774055,1.0454936217975805,-16.265988427648253,-61.213958403159026,-71.3570687388738
max,1553.7686198283602,1648.7299555174147,1297.1166752194101,1380.129609719909,9155.997258584572,9972.965549468117
