,3 month VIX^2 Delta Hedged return(%),3 month Realized Variance Return (%),3 month GVIX^2 Delta Hedged return(%),3 month Realized Weighted_Gamma Variance Return (%),3 month SKEW_KNS Delta Hedged return(%),3 month Realized Weighted Skew Return (%)
3 month VIX^2 Delta Hedged return(%),1.0,0.977878610752175,0.9976270840122814,0.9762060230670196,0.6215413779625507,0.6131081272392214
3 month Realized Variance Return (%),0.977878610752175,1.0,0.969375534212567,0.9979695495164501,0.6234475046821419,0.6235842767959509
3 month GVIX^2 Delta Hedged return(%),0.9976270840122814,0.969375534212567,1.0,0.9708841237759102,0.6126649909220109,0.6044618941118476
3 month Realized Weighted_Gamma Variance Return (%),0.9762060230670196,0.9979695495164501,0.9708841237759102,1.0,0.615947407049991,0.6127392741428277
3 month SKEW_KNS Delta Hedged return(%),0.6215413779625507,0.6234475046821419,0.6126649909220109,0.615947407049991,1.0,0.9870704919904651
3 month Realized Weighted Skew Return (%),0.6131081272392214,0.6235842767959509,0.6044618941118476,0.6127392741428277,0.9870704919904651,1.0
