Months From Now,Var. Measure,Version,⍺_primal_coef,⍺_primal_Tstat,β_primal_coef,β_primal_Tstat,R^2_primal,⍺_dual_coef,⍺_dual_Tstat,β_dual_coef,β_dual_Tstat,R^2_dual,sum(⍺),sum(β)-1,sum(β)
1,VIX^2,continuous,-0.0010588161519143905,-2.23909023145188,0.8755590862659188,1.9692697512177322,0.19912264094349796,0.0010588161519143903,2.2390902314518795,0.12444091373408112,0.2798871384860415,0.004997287733710221,-2.168404344971009e-19,0.0,1.0
1,VIX^2,discrete,-0.0010588161519143905,-2.23909023145188,0.8755590862659188,1.9692697512177322,0.19912264094349796,0.0013964201112686956,2.131113019260823,-0.1322510201240231,-0.25944537337722706,0.004322212228086375,0.0003376039593543051,-0.2566919338581043,0.7433080661418957
1,GVIX^2,continuous,-0.0007118057863044564,-2.076381129664526,1.0552457368124661,2.41763748430668,0.2733631972934836,0.0007118057863044564,2.0763811296645254,-0.05524573681246625,-0.12657162166739583,0.0010300668243723443,0.0,-1.1102230246251565e-16,0.9999999999999999
1,GVIX^2,discrete,-0.0007118057863044564,-2.076381129664526,1.0552457368124661,2.41763748430668,0.2733631972934836,0.0010680223124071913,2.390964296043558,-0.2416358616268333,-0.5477639840454254,0.018047754183266207,0.00035621652610273496,-0.18639012481436712,0.8136098751856329
2,VIX^2,continuous,-0.002054042785362726,-2.8190992887084207,0.91291091762147,2.3741752247945866,0.17820761153444042,0.0020540427853627257,2.81909928870842,0.0870890823785298,0.2264895048817165,0.0019696022493909116,-4.336808689942018e-19,-2.220446049250313e-16,0.9999999999999998
2,VIX^2,discrete,-0.002054042785362726,-2.8190992887084207,0.91291091762147,2.3741752247945866,0.17820761153444042,0.002194043593162706,2.9771546795499684,0.4242345874196984,1.7346424141839314,0.029842398310218177,0.00014000080779998005,0.33714550504116847,1.3371455050411685
2,GVIX^2,continuous,-0.0014703077749100963,-3.44378730416628,1.3888133666204756,3.76018574166901,0.36487876754210957,0.0014703077749100959,3.443787304166278,-0.3888133666204754,-1.0527047855928102,0.0430882110780757,-4.336808689942018e-19,2.220446049250313e-16,1.0000000000000002
2,GVIX^2,discrete,-0.0014703077749100963,-3.44378730416628,1.3888133666204756,3.76018574166901,0.36487876754210957,0.002038068396120581,3.492400645085951,0.13629896367649819,0.3014873263608369,0.0033498045708058033,0.0005677606212104846,0.5251123302969738,1.5251123302969738
