Months From Now,Var. Measure,Version,⍺_primal_coef,⍺_primal_Tstat,β_primal_coef,β_primal_Tstat,R^2_primal,⍺_dual_coef,⍺_dual_Tstat,β_dual_coef,β_dual_Tstat,R^2_dual,sum(⍺),sum(β)-1,sum(β)
1,VIX^2,continuous,-0.00023806905785461762,-0.6292811512250954,0.15648236826733355,0.4157831832664955,0.002301063745310694,0.00023806905785461768,0.6292811512250955,0.8435176317326661,2.2412777231493237,0.06280803502013943,5.421010862427522e-20,-3.3306690738754696e-16,0.9999999999999997
1,VIX^2,discrete,-0.00023806905785461762,-0.6292811512250954,0.15648236826733355,0.4157831832664955,0.002301063745310694,0.00019941135668944597,0.32614322878525587,0.8332292461403372,1.8582057327285948,0.028539923654817945,-3.865770116517165e-05,-0.010288385592329252,0.9897116144076707
1,GVIX^2,continuous,-0.0005929956790122022,-2.8486337246143862,0.9625963833167196,3.4920515189269645,0.0978511165019692,0.0005929956790122022,2.8486337246143854,0.03740361668328018,0.135690678581362,0.00016374015465503433,0.0,-2.220446049250313e-16,0.9999999999999998
1,GVIX^2,discrete,-0.0005929956790122022,-2.8486337246143862,0.9625963833167196,3.4920515189269645,0.0978511165019692,0.0007789502376432197,2.8804309359040645,0.033390785825718444,0.17320522376802594,7.865445943577853e-05,0.00018595455863101753,-0.004012830857561989,0.995987169142438
2,VIX^2,continuous,-0.00038268073253935094,-0.6045244052500681,0.12956179721413646,0.32675457887584863,0.0023567972353845112,0.0003826807325393504,0.6045244052500673,0.8704382027858636,2.1952433086325884,0.0963535015853012,-5.421010862427522e-19,0.0,1.0
2,VIX^2,discrete,-0.00038268073253935094,-0.6045244052500681,0.12956179721413646,0.32675457887584863,0.0023567972353845112,0.00018171299134490823,0.23606974313772014,1.0321006557384953,2.9946733613699053,0.0670426254428883,-0.0002009677411944427,0.16166245295263182,1.1616624529526318
2,GVIX^2,continuous,-0.0010150675692558416,-3.3154308494761744,1.0546502565371836,3.8799415666790744,0.1934388792661802,0.0010150675692558414,3.315430849476173,-0.05465025653718318,-0.20105224519121512,0.0006435679093119706,-2.168404344971009e-19,4.440892098500626e-16,1.0000000000000004
2,GVIX^2,discrete,-0.0010150675692558416,-3.3154308494761744,1.0546502565371836,3.8799415666790744,0.1934388792661802,0.0012352181385923186,3.0587532649043334,0.16713573192364223,1.018669557289943,0.003256171685751097,0.00022015056933647695,0.22178598846082576,1.2217859884608258
